Artist1,Artist2,weight,isConnected
2 Chainz,MadeinTYO,1,True
SHIMA,Sumire,1,True
Khalid,Logic,1,True
Drake,The Weeknd,1,True
Pierce The Veil,Rich Homie Quan,0,False
6LACK,Peach Boi,0,False
Anaya Lovenote,TEAM2MVCH,0,False
Benjazzy,Exede,0,False
Kanye West,Tyga,1,True
Hundred Waters,Ivy Adara,0,False
Elton John,George Michael,1,True
Natalie Major,PnB Rock,0,False
Mako,Steve Angello,1,True
Hundred Waters,JAY-Z,0,False
GhostDragon,Jonas Brothers,0,False
NAV,Taylor Swift,0,False
Fabolous,Portugal. The Man,0,False
A Great Big World,Robbie Rosen,0,False
Drake,Rihanna,1,True
KEIJU,Kvi Baba,1,True
Regard,Tate McRae,1,True
E-40,Jay Anthony,1,True
BJ The Chicago Kid,Garrett Raff,0,False
Wiz Khalifa,Young Thug,1,True
Michael Kaneko,Yu Sakai,1,True
Kid Cudi,Project Pat,0,False
Chasing Grace,James Arthur,1,True
DJ SpinKing,Dave Days,0,False
Chance the Rapper,Natalie Major,0,False
Jhené Aiko,Lunis,0,False
Darell,Nicky Jam,1,True
Becky G,The Wild Pair,0,False
Johnny Cash,June Carter Cash,1,True
Galimatias,Kaidro,0,False
DJ Khaled,Drake,0,False
Jason Donovan,Kylie Minogue,1,True
Barbra Streisand,Céline Dion,1,True
21 Savage,Drake,1,True
Annie Lennox,Whitney Houston,0,False
KYLE,Raury,0,False
Into The Ether,Rafa Pabön,0,False
Kan Sano,ぷにぷに電機,1,True
Krimsonn,Steve Aoki,0,False
Ed Sheeran,Taylor Swift,1,True
Jason Donovan,Patrick Key,0,False
Benjazzy,OHTORA,0,False
T.I.,Usher,0,False
Alessia Labate,Rebecca Naomi Jones,0,False
John Barry,Shirley Bassey,1,True
Mary J. Blige,U2,1,True
Electus,Tate McRae,0,False
Aaliyah,Joe Cocker,0,False
NF Zessho,ZIN,1,True
Post Malone,SZA,1,True
A Boogie Wit da Hoodie,Khalid,1,True
HALIENE,Mr. Ivex,0,False
Jason Ross,Metro Boomin,0,False
Jacquees,Lil Baby,1,True
Feyln,Tristan Klampert,1,True
EL3CTRXX,Ryan Lewis,0,False
Dave Stewart,Lennon,0,False
JUVENILE,Pitbull,0,False
Alicia Keys,Jack White,1,True
NF Zessho,Trevor Daniel,0,False
Dae Dae,Ed Sheeran,0,False
HALIENE,Street Money Boochie,0,False
Chris Brown,Gunna,1,True
Giveon,Justin Bieber,1,True
AmanderSings,Ghost,1,True
Chris Brown,Drake,1,True
A Boogie Wit da Hoodie,DJ SpinKing,1,True
Lionel Richie,Maren Morris,0,False
AmanderSings,BEAUZ,1,True
Janelle Monáe,fun.,1,True
Macklemore,Macklemore & Ryan Lewis,1,True
Alesso,Hurts,1,True
Barbara Dickson,Rebecca Naomi Jones,0,False
Kali Uchis,The Dakotas,0,False
Cheat Codes,Demi Lovato,1,True
Exede,Hoang,1,True
Fausto Fanizza,Thomas Schwartz,1,True
Daya,The Chainsmokers,1,True
Chris Brown,Juicy J,1,True
East 17,Sephyx,0,False
Kid Cudi,Ratatat,1,True
Hikari,Tokimeki Records,1,True
James Ty,The Neptunes,0,False
Kosling,OMZ,1,True
Gareth Gates,Will Young,1,True
Drake,Future,2,True
BTS,Tyga,0,False
Daft Punk,The Glitch Mob,1,True
G-Eazy,Jay Anthony,1,True
Drake,Young Money,1,True
C.O.S.A.,KID FRESINO,1,True
Gucci Mane,Karl Sylver,0,False
FRONTIER BACKYARD,Hugh Kim,1,True
Chris Brown,Ludacris,1,True
Dalex,Feid,1,True
Elley Duhé,Gryffin,1,True
Drake,Nicki Minaj,1,True
Lil Yachty,Young Thug,1,True
Eurythmics,Exede,0,False
Kyla,Yaffle,0,False
MFS,TCTS,0,False
Coldplay,Salma Slims,0,False
Fabolous,Trey Songz,1,True
Axollo,KM,0,False
Future,Khalid,1,True
Daichi Yamamoto,The Glitch Mob,0,False
Mariah Carey,Whitney Houston,1,True
Colbie Caillat,Jason Mraz,1,True
Gareth Gates,Yu Sakai,0,False
Gryffin,Ivy Adara,1,True
Caslow,Jay Anthony,0,False
Juice WRLD,mabanua,0,False
Ariana Grande,The Weeknd,1,True
Drake,Young Thug,1,True
Alina Baraz,Galimatias,1,True
Michael Kaneko,The Glitch Mob,0,False
Kevu,Rae Sremmurd,0,False
Gucci Mane,Smiley,0,False
Kid Cudi,MGMT,1,True
Robin Hannibal,Skrillex,1,True
Chris Brown,MadeinTYO,0,False
Anuel AA,Prince Royce,1,True
DJ Drama,KEIJU,0,False
DE DE MOUSE,ぷにぷに電機,1,True
Eurielle,Marvin Gaye,0,False
Anuel AA,Tems,0,False
John Gallagher Jr.,Stark Sands,1,True
Skippa Da Flippa,Summer Walker,0,False
Rebecca Naomi Jones,Stark Sands,1,True
Gareth Gates,Usher,0,False
MONY HORSE,SPARTA,1,True
Leon Fanourakis,fun.,0,False
Jonny Rose,Kiesza,0,False
Kylie Minogue,Robbie Williams,1,True
Alessia Labate,MIYACHI,0,False
Dougal,MFS,0,False
DJ Drama,Jhené Aiko,1,True
Electus,Feid,0,False
ASOBOiSM,Spooks,0,False
Johnny Cash,Run–D.M.C.,0,False
Oh Wonder,ScHoolboy Q,0,False
H.E.R.,Hundred Waters,0,False
Barbara Dickson,Young Money,0,False
Hundred Waters,Moses Sumney,1,True
Rich Brian,XXXTENTACION,1,True
Keith Ape,Sech,0,False
AAAMYYY,Daichi Yamamoto,1,True
MadeinTYO,Maroon 5,0,False
Bassnectar,Lafa Taylor,1,True
Kyla,Mondo Grosso,0,False
Anklebreaker,Tory Lanez,0,False
JUVENILE,Taichi Mukai,1,True
Anklebreaker,TCM,1,True
Chris Brown,Jhené Aiko,1,True
EL3CTRXX,Riggi & Piros,1,True
Cerys Matthews,Tom Jones,1,True
Exede,GhostDragon,1,True
A Boogie Wit da Hoodie,Don Q,1,True
BoA,Kodak Black,0,False
21 Savage,Project Pat,1,True
Nezumi Coo,Sam Smith,0,False
Charlie Puth,Nelly Furtado,0,False
KM,Trinidad James,0,False
Jonny Rose,Rae Sremmurd,0,False
Justin Bieber,Nelly,0,False
Alessia Cara,Logic,1,True
George Michael,Mary J. Blige,1,True
Anuel AA,Darell,1,True
Adrenalize,Atmozfears,1,True
Chase Rice,Jeremih,0,False
Alessia Cara,SHIMA,0,False
Au5,HALIENE,1,True
Thimlife,Tory Lanez,0,False
J. Davi$,Rob $tone,1,True
Freddie Mercury,Montserrat Caballé,1,True
Herbie Hancock,Lafa Taylor,0,False
Leon Fanourakis,MFS,1,True
Hellblasterz,Sam Smith,0,False
East 17,Gabrielle,1,True
Big Sean,Fabolous,0,False
AAAMYYY,Dougal,0,False
Kiesza,YoungBoy Never Broke Again,0,False
Peabo Bryson,Thimlife,0,False
Feid,KHEA,1,True
Dalex,Ryan Hurd,0,False
Jay Anthony,Kosling,0,False
Code Black,Garrett Raff,0,False
Rafa Pabön,Shin Sakiura,0,False
Big Sean,MadeinTYO,1,True
JRL,Jonny Rose,1,True
Dae Dae,ZAYN,0,False
Da Tweekaz,Elyn,0,False
MFS,Masaaki Hirao,0,False
KM,Lil' Leise But Gold,1,True
Gucci Mane,Juicy J,0,False
Calvin Harris,Hurts,1,True
Lil Uzi Vert,Travis Scott,1,True
Brytiago,Nate Dogg,0,False
Halsey,Justin Bieber,1,True
Bassnectar,Ohana Bam,1,True
Cardi B,Nick Ledesma,0,False
Janelle Monáe,Lil Yachty,0,False
BEAUZ,HALIENE,0,False
Matthew Steeper,Thomas Gold,1,True
Skippa Da Flippa,Young Thug,1,True
Maki Nomiya,Night Tempo,1,True
(sic)boy,Rafa Pabön,0,False
Kap G,Nelly,0,False
Jason Ross,Seven Lions,1,True
Boosie Badazz,Young Thug,1,True
Nicole Kidman,Robbie Williams,1,True
Big Sean,Lunis,0,False
Aitor Blond,Quality Control,0,False
NF Zessho,TENDRE,0,False
Gambitt,Into The Ether,1,True
Anuel AA,Mambo Kingz,2,True
Carrie Underwood,Feid,0,False
Kodak Black,PnB Rock,3,True
Jonas Brothers,Jonathan Mendelsohn,0,False
HALIENE,KYLE,0,False
Dido,Eminem,1,True
Laniia,RhymeTube,0,False
Fabolous,Keith Urban,0,False
David Guetta,Kevin Flum,0,False
Domeno,KM,0,False
Alesso,Calvin Harris,1,True
Adrenalize,Thomas Gold,0,False
Daft Punk,Hurts,0,False
Craig David,Sting,1,True
Green Day,The American Idiot Broadway Company,1,True
CMA,Yu Sakai,0,False
Becky G,DJ Luian,1,True
Jordyn Oran,Queen,0,False
21 Savage,Post Malone,2,True
Fabolous,Jhené Aiko,1,True
Classified,Eminem,0,False
Naomi Wild,Snoop Dogg,0,False
JUVENILE,Juicy J,1,True
Jonathan Mendelsohn,Kiyotaka Sugiyama,0,False
GhostDragon,yetep,1,True
21 Savage,RhymeTube,0,False
GhostDragon,Janelle Monáe,0,False
Bruno Mars,Silk Sonic,2,True
Bibiane Z,Thimlife,1,True
CHAMELEON LIME WHOOPIEPIE,Nate Dogg,0,False
Armand Van Helden,Dizzee Rascal,1,True
Shin Sakiura,TENDRE,1,True
JNKMN,SPARTA,1,True
J. Davi$,Spooks,1,True
Lizzo,VivaOla,0,False
BJ The Chicago Kid,Chance the Rapper,1,True
Jason Ross,London On Da Track,0,False
Ed Sheeran,Leon Fanourakis,0,False
Bryan Adams,NEFFEX,0,False
Chinx,Yu Sakai,0,False
Halston Dare,Riddler,1,True
MFS,guardin,0,False
En Vogue,Jason Mraz,0,False
Alicia Keys,Troye Sivan,0,False
Maren Morris,Portugal. The Man,0,False
Alesso,LUX,0,False
Britney Spears,Pharrell Williams,1,True
Coeus,Eleonora,1,True
JUVENILE,deadmau5,0,False
Elaine Paige,Mitchell Niemeyer,0,False
Lil Baby,Ohana Bam,0,False
Chance the Rapper,Rich Brian,0,False
Ariana Grande,Juicy J,0,False
Lil Yachty,Quavo,1,True
Becky G,Mambo Kingz,1,True
Drake,Lloyd,0,False
Annie Lennox,Gryffin,0,False
James Morrison,Markéta Irglová,0,False
OHTORA,Tate McRae,0,False
CHRNS,PnB Rock,0,False
Kiesza,deadmau5,1,True
Future,Metro Boomin,2,True
Stunna Gambino,The Kid LAROI,1,True
Brendon Urie,OHTORA,0,False
G-Eazy,Imagine Dragons,0,False
Mikky Ekko,Rihanna,1,True
Chinx,Hardwell,0,False
Coucheron,Phil Collins,0,False
DJ Khaled,Lil Durk,1,True
21 Savage,Future,2,True
Kevu,Macklemore,0,False
Cerys Matthews,Snoop Dogg,0,False
Chris Young,The Neptunes,0,False
JNKMN,Leon Fanourakis,1,True
Bill Medley,ZAYN,0,False
Chasing Grace,Ricky Martin,0,False
Hurts,Rich Brian,0,False
Kevin McCall,Masaaki Hirao,0,False
Imagine Dragons,Labrinth,0,False
Chris Brown,H.E.R.,1,True
Tory Lanez,Trey Songz,1,True
Dalex,Sech,1,True
Barbara Dickson,Lil Durk,0,False
Daya,Sephyx,1,True
Chinx,Kane Brown,0,False
Kosling,Still Young,1,True
Keith Ape,XXXTENTACION,1,True
Kali Uchis,"Tyler, The Creator",1,True
En Vogue,Salt-N-Pepa,1,True
Hogland,KIDDO,1,True
Kimberg,Ovylarock,1,True
Khalid,Marshmello,1,True
Chinx,MeetSims,1,True
Bankroll Fresh,Giveon,0,False
Rosemary Clooney,The Mellomen,2,True
Jacquees,Mako,0,False
August Alsina,Curren$y,1,True
Alessia Labate,John Newman,0,False
MeetSims,Michael Kaneko,0,False
ScHoolboy Q,Trinidad James,2,True
Brytiago,Darell,1,True
B.o.B,Billie Eilish,0,False
Daichi Yamamoto,Trevor Daniel,0,False
Lloyd,XXXTENTACION,0,False
August Alsina,Nelly Furtado,0,False
Last Heroes,Lunis,1,True
Ofenbach,Portugal. The Man,1,True
21 Savage,London On Da Track,1,True
Doja Cat,PnB Rock,0,False
Macklemore,Skylar Grey,1,True
Alessia Labate,MeetSims,0,False
Jhené Aiko,Trey Songz,1,True
Oh Wonder,Rob Thomas,0,False
Drake,Project Pat,1,True
Juice WRLD,benny blanco,1,True
Kan Sano,Speaker Knockerz,0,False
RhymeTube,S. Kiyotaka & Omega Tribe,0,False
Becky G,Confidence Man,0,False
Bassnectar,Giveon,0,False
Green Day,iann dior,0,False
Kanye West,NVRT,0,False
KM,Kevin Flum,0,False
AmanderSings,Marshmello,0,False
Leila Pari,N3WPORT,1,True
Hundred Waters,Skrillex,1,True
Molly Marrs,Will Young,0,False
Bruno Mars,Wiz Khalifa,1,True
Carrie Underwood,Keith Urban,1,True
Gryffin,Steve Aoki,1,True
Florida Georgia Line,KID FRESINO,0,False
Jacquees,Michael Kaneko,0,False
Ansel Elgort,Logic,1,True
Lil Wayne,Wale,1,True
Alec Benjamin,Alessia Cara,1,True
CHAI,The Partysquad,0,False
Fabolous,Lil Wayne,0,False
Cazzu,Sech,1,True
Lasso the Sun,Patrick Key,1,True
Original Love,Ovall,1,True
Alicia Keys,Kiki Dee,0,False
James Ty,Khalid,0,False
Chance the Rapper,Hundred Waters,1,True
Kevu,Wale,0,False
Laniia,VIZE,1,True
Gil Zambrano,Into The Ether,1,True
Arash Shadram,RhymeTube,0,False
DJ Drama,Disclosure,0,False
Billy Idol,Generation X,1,True
Darell,Mambo Kingz,1,True
CHAI,Confidence Man,1,True
Bankroll Fresh,Travis Porter,1,True
SIRUP,Sam Smith,0,False
Lenny Tavárez,Sech,1,True
David Guetta,kiki vivi lily,0,False
T.I.,Young Thug,1,True
Anuel AA,DJ Luian,2,True
Jonas Brothers,PnB Rock,0,False
Drake,PARTYNEXTDOOR,1,True
Disclosure,OG Maco,0,False
kiki vivi lily,サトウユウヤ,1,True
Benjazzy,JJJ,1,True
JNKMN,Jhené Aiko,0,False
Curren$y,Laniia,0,False
Exede,Lenny Tavárez,0,False
HALIENE,Keith Ape,0,False
Annie Lennox,Dave Stewart,1,True
Anderson .Paak,Silk Sonic,2,True
Freddie Mercury,The Mellomen,0,False
Ari Lennox,Dreamville,1,True
Aerosmith,TCM,0,False
Jhené Aiko,Ryan Hurd,0,False
Chance the Rapper,Robin Hannibal,1,True
Jonas Brothers,Marshmello,1,True
Au5,Pulse,0,False
Nate Dogg,Tems,0,False
Maroon 5,Megan Thee Stallion,1,True
Drake,Kyla,1,True
DJ Drama,Tory Lanez,1,True
Jacquees,Lil Gotit,1,True
EMEL,"Tyler, The Creator",0,False
Kid Cudi,Oh Wonder,0,False
Kaidro,Nick Ledesma,0,False
Da Tweekaz,Kanye West,0,False
Anuel AA,Rae Sremmurd,0,False
DJ Khaled,Lil Baby,1,True
ISH-ONE,TEAM2MVCH,1,True
JNKMN,MFS,1,True
Lil Uzi Vert,Quavo,1,True
Molly Marrs,Nick Ledesma,1,True
Green Day,Rebecca Naomi Jones,1,True
Luca,NVRT,1,True
Cardi B,Lizzo,1,True
David Guetta,Neneh Cherry,0,False
Becky G,Daya,0,False
AAAMYYY,Yaffle,1,True
Sia,Summer Walker,0,False
James Ty,King CAAN,1,True
Christina Aguilera,Orono,0,False
Billy Idol,PARTYNEXTDOOR,0,False
Mark With a K,Nate Dogg,0,False
Gucci Mane,Rae Sremmurd,1,True
Halston Dare,Thomas Schwartz,0,False
Alesso,Céline Dion,0,False
Céline Dion,FRONTIER BACKYARD,0,False
Chris Brown,DJ Drama,1,True
PnB Rock,Wiz Khalifa,2,True
Dave Days,Garrett Raff,0,False
Charlie Puth,Travis Porter,0,False
Kali Uchis,笠井 紀美子,0,False
Phil Collins,Shelley FKA DRAM,0,False
Shin Sakiura,Tom Jones,0,False
Craig David,Travis Scott,0,False
Dalex,Lenny Tavárez,1,True
Tems,WizKid,2,True
Mambo Kingz,Nicky Jam,1,True
Phil Collins,Riggi & Piros,0,False
A Boogie Wit da Hoodie,HALIENE,0,False
BEAUZ,Hal David,0,False
Street Money Boochie,Travis Porter,1,True
AmanderSings,DJ SpinKing,0,False
Coldplay,MÖSHI,0,False
Rich Homie Quan,Travis Barker,0,False
Jack Harlow,Prince Royce,0,False
Jason Ross,Jonathan Mendelsohn,1,True
Darren Styles,French Montana,0,False
BoA,Mondo Grosso,1,True
KIDDO,Original Love,0,False
PnB Rock,Young Thug,1,True
Gambitt,OMZ,0,False
Hellblasterz,Luca Testa,1,True
Barbara Dickson,Don Q,0,False
Armand Van Helden,deadmau5,0,False
Garrett Raff,Taichi Mukai,0,False
Hardwell,Sephyx,1,True
Florida Georgia Line,Nelly,1,True
Elton John,Kiki Dee,1,True
BEAUZ,Smokepurpp,0,False
E-40,G-Eazy,1,True
Nick Ledesma,SHIMA,0,False
Gabrielle,Noiseshock,0,False
GhostDragon,Lionel Richie,0,False
London On Da Track,Mambo Kingz,0,False
Daniel Caesar,H.E.R.,1,True
Future,The Weeknd,1,True
Neneh Cherry,Youssou N'Dour,1,True
David Bowie,Queen,2,True
Cory Gunz,John Gallagher Jr.,0,False
Dido,Jessie Reyez,0,False
JNKMN,Jarrod Alonge,0,False
Nurko,Rick Ross,0,False
A Boogie Wit da Hoodie,Macklemore & Ryan Lewis,0,False
Ariana Grande,MGMT,0,False
Hellblasterz,Wiz Khalifa,0,False
6LACK,J. Cole,1,True
Eminem,Lil Wayne,1,True
DeJ Loaf,Jacquees,1,True
Johnny Cash,Luca Testa,0,False
Bankroll Fresh,Street Money Boochie,1,True
Anuel AA,Molly Marrs,0,False
G-Eazy,GhostDragon,0,False
Maroon 5,Rihanna,1,True
Jhené Aiko,Tory Lanez,1,True
Christoph Andersson,G-Eazy,1,True
Lamorn,deadmau5,1,True
Au5,Project Pat,0,False
Annie Lennox,Eurythmics,1,True
Alessia Cara,Khalid,1,True
Chris Brown,DaVido,1,True
Dido,KEIJU,0,False
Dougal,Jacob Wellfair,1,True
Chris Brown,Tory Lanez,1,True
Chris Brown,ZAYN,1,True
Aitor Blond,Sounxstate,1,True
Alesso,Santana,0,False
James Morrison,Skippa Da Flippa,0,False
Big Sean,Ty Dolla $ign,1,True
Patsy Cline,The Jordanaires,2,True
Dave Stewart,Eurythmics,1,True
Anderson .Paak,Bruno Mars,2,True
Emeli Sandé,Taichi Mukai,0,False
Christina Aguilera,Ricky Martin,1,True
Anuel AA,Nicky Jam,1,True
MFS,SPARTA,1,True
Dua Lipa,Elton John,1,True
Aretha Franklin,George Michael,1,True
Lunis,Maren Morris,0,False
Krimsonn,Thomas Gold,1,True
Da Tweekaz,Matthew Steeper,1,True
Ghost,J. Davi$,0,False
D-Stroyer,MadeinTYO,0,False
RhymeTube,ZIN,1,True
Lil Keed,Matthew Steeper,0,False
MFS,P!nk,0,False
GhostDragon,Kodak Black,0,False
Billy J. Kramer,Taylor Swift,0,False
BJ The Chicago Kid,Ty Dolla $ign,1,True
EL3CTRXX,"Tyler, The Creator",0,False
Kosling,Thomas Gold,1,True
Lorde,SZA,1,True
Nao'ymt,OHTORA,1,True
Daniel Caesar,MIYACHI,0,False
John Barry,MFS,0,False
Polo G,サトウユウヤ,0,False
Billy Idol,Usher,0,False
KHEA,Lenny Tavárez,1,True
Salma Slims,Travis Barker,0,False
Ansel Elgort,Tom Jones,0,False
Rob Thomas,Robin Hannibal,0,False
Kendrick Lamar,Xillions,0,False
Macklemore & Ryan Lewis,Ryan Lewis,1,True
Quavo,Skippa Da Flippa,1,True
Coeus,The American Idiot Broadway Company,0,False
Céline Dion,Feid,0,False
DJ Khaled,Fabolous,0,False
Trippie Redd,XXXTENTACION,1,True
2 Chainz,B.o.B,1,True
Chris Brown,DaniLeigh,1,True
John Gallagher Jr.,Rebecca Naomi Jones,1,True
Lil Yachty,PnB Rock,1,True
Rebecca Naomi Jones,Skippa Da Flippa,0,False
Boosie Badazz,Shelley FKA DRAM,0,False
Barbara Dickson,Oh Wonder,0,False
Drake,WizKid,1,True
Raury,Ty Dolla $ign,1,True
Paula Abdul,benny blanco,0,False
Lil Gotit,Lil Keed,1,True
Mr. Ivex,Sefa,1,True
Rich Gang,Rich Homie Quan,1,True
BullySongs,EL3CTRXX,1,True
Brendon Urie,Roy Woods,0,False
Brendon Urie,Juice WRLD,1,True
Kevin Flum,Speaker Knockerz,1,True
Anuel AA,Becky G,1,True
Disclosure,Roy Woods,0,False
Kendrick Lamar,Rihanna,1,True
Naomi Wild,ODESZA,1,True
Hellblasterz,Marshmello,0,False
Ariana Grande,Usher,0,False
Dalex,KHEA,1,True
BoA,Electus,0,False
KHEA,Sech,1,True
John Barry,Trinidad James,0,False
6LACK,Khalid,1,True
Migos,kiki vivi lily,0,False
Drake,Ivy Adara,0,False
Code Black,Da Tweekaz,1,True
Snoop Dogg,Wiz Khalifa,1,True
Cory Gunz,Jonny Rose,0,False
6LACK,Quavo,0,False
Kevu,Luca Testa,1,True
Macklemore & Ryan Lewis,Speaker Knockerz,0,False
Annie Lennox,Jeremih,0,False
Duke,Shirley Bassey,0,False
BullySongs,Kevu,0,False
Hardwell,The Chainsmokers,1,True
Lasso the Sun,WildVibes,1,True
Moses Sumney,Robin Hannibal,1,True
DROELOE,The Dakotas,0,False
Caslow,Exede,2,True
Jordyn Oran,KRYSTO,1,True
Lloyd,Young Money,1,True
David Guetta,Domeno,0,False
Chase Rice,笠井 紀美子,0,False
Doja Cat,The Weeknd,1,True
Eleonora,Feyln,0,False
JAY-Z,NEFFEX,0,False
KYLE,Lil Yachty,2,True
Benjazzy,Keith Urban,0,False
Bill Medley,Ohana Bam,0,False
Lil Yachty,Shelley FKA DRAM,1,True
E-40,Queen,0,False
Ivy Adara,Trippie Redd,0,False
Becky G,Kimberg,0,False
Chanel West Coast,Lizzo,0,False
Giveon,Luca Testa,0,False
Kosling,YFN Lucci,0,False
Arash Shadram,Coeus,1,True
Mako,kiki vivi lily,0,False
SIRUP,kiki vivi lily,1,True
Gary Barlow,MONY HORSE,0,False
Bryan Adams,Melanie C,1,True
James Morrison,Nelly Furtado,1,True
Chris Young,G-Eazy,0,False
Macklemore,Ryan Lewis,1,True
Rebecca Naomi Jones,The American Idiot Broadway Company,1,True
Charlie Puth,Wiz Khalifa,1,True
BoA,Trey Songz,0,False
Domeno,Karl Sylver,1,True
Street Money Boochie,"Tyler, The Creator",0,False
Cazzu,H.E.R.,0,False
HALIENE,ISH-ONE,0,False
DJ Luian,Nicky Jam,1,True
Kane Brown,Troye Sivan,0,False
JAY-Z,Kevin McCall,0,False
A$AP Ferg,ScHoolboy Q,2,True
Caslow,Nick Ledesma,1,True
Jhené Aiko,The Pogues,0,False
DE DE MOUSE,The Neptunes,0,False
Eleonora,MFS,0,False
ASOBOiSM,MIYACHI,0,False
Justin Bieber,The Kid LAROI,1,True
Aaliyah,Tom Jones,0,False
Future,Maroon 5,0,False
G-Eazy,Lionel Richie,0,False
Emeli Sandé,Labrinth,1,True
MONY HORSE,Oh Wonder,0,False
Green Day,John Gallagher Jr.,1,True
JAY-Z,Kanye West,1,True
Chris Brown,Usher,2,True
East 17,Kendrick Lamar,0,False
Electus,Mambo Kingz,0,False
Bibiane Z,The Kid LAROI,0,False
Britney Spears,Into The Ether,0,False
Gambitt,Hundred Waters,0,False
Lil Baby,PnB Rock,0,False
Paula Abdul,The Wild Pair,1,True
Drake,Roy Woods,1,True
KEIJU,Robbie Rosen,0,False
BTS,Coldplay,1,True
BullySongs,Elaine Paige,0,False
East 17,Nurko,0,False
Trippie Redd,iann dior,1,True
DJ SpinKing,East 17,0,False
BJ The Chicago Kid,kiki vivi lily,0,False
Drake,Lil Wayne,2,True
Adrenalize,Lil Nas X,0,False
Hal David,Markéta Irglová,0,False
DJ SpinKing,Mary J. Blige,0,False
AmanderSings,James Arthur,0,False
Chris Brown,T.I.,0,False
Barbra Streisand,Ohana Bam,0,False
Chance the Rapper,Macklemore,1,True
Drake,Gucci Mane,1,True
Awakend,Matthew Steeper,0,False
Keith Urban,P!nk,1,True
Kevin Flum,Lionel Richie,0,False
Gucci Mane,Offset,1,True
Khalid,Post Malone,1,True
Jennifer Warnes,Joe Cocker,1,True
A$AP Ferg,A$AP Rocky,2,True
Alessia Labate,Roy Woods,0,False
JRL,Trey Songz,0,False
Josh Bogert,Leon Fanourakis,0,False
Summer Walker,Trevor Daniel,1,True
Doja Cat,J. Cole,0,False
Justin Bieber,KEIJU,0,False
Darren Styles,G-Eazy,0,False
Sephyx,The Chainsmokers,1,True
NAV,The Weeknd,1,True
Nezumi Coo,Peach Boi,1,True
Jason Mraz,Masaaki Hirao,0,False
A$AP Ferg,French Montana,2,True
Yosuke Nakano,yobai suspects,1,True
Luca,Trey Songz,0,False
LAGHEADS,Ludacris,0,False
SPARTA,T.I.,0,False
Anuel AA,Brytiago,1,True
Leon Fanourakis,SPARTA,1,True
Britney Spears,Madonna,1,True
Adrenalize,Pulse,1,True
Barbra Streisand,kiki vivi lily,0,False
Lil Uzi Vert,Oh Wonder,1,True
HALIENE,Stark Sands,0,False
Feid,Lenny Tavárez,1,True
Hugh Kim,The Chainsmokers,0,False
DJ Drama,Trey Songz,1,True
Tate McRae,Troye Sivan,1,True
Lasso the Sun,Lionel Richie,0,False
EMEL,Stonebank,1,True
Khalid,Stark Sands,0,False
Stormerz,Tom Leinad,1,True
Mambo Kingz,Prince Royce,1,True
Anderson .Paak,Ty Dolla $ign,1,True
Khalid,Lorde,1,True
Chris Brown,Kevin McCall,1,True
Chance the Rapper,Macklemore & Ryan Lewis,1,True
PnB Rock,YFN Lucci,2,True
Eminem,Nate Dogg,1,True
Ansel Elgort,Dave Stewart,0,False
CHRNS,Rich Edwards,1,True
Gotye,Lil Yachty,0,False
Khalid,YoungBoy Never Broke Again,0,False
Calvin Harris,Khalid,1,True
Brytiago,Mambo Kingz,1,True
Rich Homie Quan,Young Thug,1,True
BUMKEY,MIYACHI,1,True
AKLO,KEIJU,1,True
Freddie Mercury,Robbie Williams,0,False
CMA,Stunna Gambino,0,False
Flaremode,Thomas Gold,1,True
Eurielle,Quality Control,1,True
Anderson .Paak,Spooks,0,False
Daichi Yamamoto,Yaffle,1,True
Arash Shadram,Sting,0,False
BullySongs,Chanel West Coast,0,False
Kane Brown,blackbear,1,True
Chance the Rapper,Skrillex,1,True
Kirsty MacColl,The Pogues,1,True
Mitchell Niemeyer,The Partysquad,1,True
Duke,Young Thug,1,True
Eminem,Peabo Bryson,0,False
Billy Idol,iann dior,0,False
A$AP Rocky,Barbra Streisand,0,False
Aaliyah,Chris Brown,1,True
Billy J. Kramer,The Dakotas,2,True
Kap G,Quavo,1,True
Drake,Kendrick Lamar,1,True
Ricky Martin,guardin,0,False
Carrie Underwood,Jason Aldean,1,True
Gucci Mane,Lil Wayne,1,True
D-Stroyer,Mondo Grosso,0,False
Jason Ross,Justin Bieber,0,False
Alessia Cara,Jacob Wellfair,0,False
Krimsonn,The American Idiot Broadway Company,0,False
Dizzee Rascal,Stunna Gambino,0,False
Alessia Cara,Youssou N'Dour,0,False
21 Savage,Dae Dae,1,True
A$AP Rocky,ScHoolboy Q,2,True
Au5,Offset,0,False
A Great Big World,Christina Aguilera,1,True
Rick Ross,Usher,1,True
Gotye,Kimbra,1,True
CHRNS,Kiki Dee,0,False
Lennon,mabanua,1,True
Gil Zambrano,Ryan Hurd,0,False
2 Chainz,OG Maco,1,True
BEAUZ,Nicki Minaj,0,False
Bill Medley,Jennifer Warnes,1,True
Rick Ross,Troye Sivan,0,False
Elyn,T.I.,0,False
Lennon,Orono,1,True
Chris Brown,Trey Songz,1,True
Bankroll Fresh,Don Q,0,False
Glen Hansard,Markéta Irglová,1,True
The Cardigans,The Partysquad,0,False
DJ Luian,Darell,1,True
Dave Days,Silk Sonic,0,False
Doja Cat,SZA,1,True
Sia,ZAYN,1,True
Kodak Black,VIZE,0,False
A Great Big World,The Jordanaires,0,False
Kaidro,The Wild Pair,0,False
Awakend,Outwild,1,True
Jonny Rose,Manse,1,True
Lil Uzi Vert,The Cardigans,0,False
B.o.B,Coucheron,1,True
DJ Drama,G.R.L.,0,False
Exede,TIMO,1,True
A$AP Rocky,Trinidad James,2,True
Mariah Carey,Ohana Bam,0,False
A$AP Ferg,Trinidad James,2,True
Lafa Taylor,Ohana Bam,1,True
Bruno Mars,Sumire,0,False
Alessia Labate,CHRNS,1,True
Daniel Caesar,Sounxstate,0,False
Fabolous,Regard,0,False
Anaya Lovenote,Salma Slims,1,True
Migos,Travis Barker,0,False
Rich Gang,Young Thug,1,True
JB Brubaker,Sunrise Skater Kids,1,True
Cory Gunz,Xillions,0,False
KYLE,RhymeTube,0,False
D-Stroyer,Tyga,0,False
Coldplay,Rihanna,1,True
ASOBOiSM,MÖSHI,1,True
Darren Styles,Dizzee Rascal,0,False
Quavo,The American Idiot Broadway Company,0,False
Ansel Elgort,Macklemore,0,False
Future,Young Thug,1,True
Chanel West Coast,Eminem,0,False
Barbra Streisand,Bryan Adams,1,True
B.o.B,Classified,1,True
Barbra Streisand,KIDDO,0,False
Liam Payne,Quavo,1,True
Generation X,Rick Ross,0,False
Jennifer Warnes,SHIMA,0,False
Ludacris,Outwild,0,False
Hardwell,Original Love,0,False
BEAUZ,NEFFEX,1,True
Hundred Waters,Lamorn,0,False
Garrett Raff,Karl Sylver,1,True
Code Black,Matthew Steeper,1,True
(sic)boy,Jez Dior,1,True
Adrenalize,Code Black,1,True
Original Love,YFN Lucci,0,False
Anderson .Paak,BJ The Chicago Kid,1,True
Coeus,Shelley FKA DRAM,0,False
G-Eazy,Mr. Ivex,0,False
Daichi Yamamoto,Ratatat,0,False
BEAUZ,Whitney Houston,0,False
Adrenalize,Da Tweekaz,1,True
Fabolous,Tory Lanez,1,True
Nao'ymt,ZIN,0,False
Britney Spears,The Neptunes,1,True
Daniel Caesar,Giveon,1,True
Machine Gun Kelly,Rae Sremmurd,0,False
Aretha Franklin,G-Eazy,0,False
Billie Eilish,Khalid,1,True
J. Cole,Smokepurpp,0,False
Dae Dae,London On Da Track,1,True
Christoph Andersson,Future,0,False
Elton John,PNAU,1,True
EL3CTRXX,Refuzion,0,False
Cazzu,Rafa Pabön,1,True
Kendrick Lamar,Yosuke Nakano,0,False
Jez Dior,Macklemore,0,False
Alisa,Hoang,1,True
Céline Dion,Patrick Key,0,False
AKLO,Kvi Baba,1,True
Freddie Mercury,YoungBoy Never Broke Again,0,False
DJ Luian,Mambo Kingz,2,True
Elley Duhé,Steve Aoki,1,True
Kid Cudi,MONY HORSE,0,False
Kimberg,Krimsonn,0,False
Chance the Rapper,Ryan Lewis,1,True
Anklebreaker,D-Stroyer,1,True
21 Savage,Metro Boomin,4,True
KHEA,Riggi & Piros,0,False
Elyn,Madonna,0,False
Imagine Dragons,Kendrick Lamar,1,True
2 Chainz,PnB Rock,1,True
AKLO,Coucheron,0,False
A Boogie Wit da Hoodie,Jessie Reyez,1,True
Arash Shadram,Eleonora,1,True
Jack Harlow,Lil Nas X,1,True
JRL,Manse,1,True
Cardi B,Normani,1,True
A$AP Rocky,Migos,0,False
Lil Nas X,Summer Walker,0,False
Future,Kodak Black,1,True
Lorde,Post Malone,1,True
Natalie Major,Nick Ledesma,1,True
Big Sean,Rich Homie Quan,0,False
Wiz Khalifa,YFN Lucci,1,True
SZA,YFN Lucci,0,False
NVRT,Street Money Boochie,0,False
Don Q,Jordyn Oran,0,False
Hal David,Shirley Bassey,1,True
A$AP Rocky,French Montana,2,True
Chris Brown,Rick Ross,1,True
G.R.L.,Pitbull,1,True
Daichi Yamamoto,Nao'ymt,0,False
Kan Sano,Macklemore,0,False
Billy Idol,Dougal,0,False
A Boogie Wit da Hoodie,Lil Uzi Vert,1,True
Lil Yachty,Skippa Da Flippa,1,True
Post Malone,Quavo,2,True
Flaremode,Hoang,0,False
Becky G,Cheat Codes,0,False
Tory Lanez,Usher,0,False
Kosling,Robbie Rosen,1,True
Britney Spears,Megan Thee Stallion,0,False
BJ The Chicago Kid,Raury,1,True
Keith Ape,Rich Brian,1,True
Janelle Monáe,Luca Testa,0,False
Chris Young,Exede,0,False
Chanel West Coast,Ryan Lewis,0,False
Stunna Gambino,Thomas Gold,0,False
Coeus,Mark With a K,0,False
B.o.B,Run–D.M.C.,0,False
Da Tweekaz,Lionel Richie,0,False
Ed Sheeran,John Newman,0,False
Kaidro,Tory Lanez,0,False
VivaOla,Wez Atlas,1,True
MFS,MONY HORSE,1,True
Moses Sumney,Skrillex,1,True
Dave Stewart,Nicky Jam,0,False
Polo G,The Kid LAROI,1,True
Flaremode,Krimsonn,1,True
Moses Sumney,Prince Royce,0,False
Exede,yetep,1,True
Summer Walker,The Ready Set,0,False
Kosling,LUX,1,True
Kendrick Lamar,SHIMA,0,False
Garrett Nash,Olivia O'Brien,1,True
SIRUP,サトウユウヤ,1,True
Kylie Minogue,Sounxstate,0,False
Chance the Rapper,Moses Sumney,1,True
The Chainsmokers,sirenXX,1,True
June Carter Cash,Skippa Da Flippa,0,False
John Gallagher Jr.,Johnny Cash,0,False
Darren Styles,Jacob Wellfair,1,True
Ovall,Wiz Khalifa,0,False
Da Tweekaz,Maroon 5,0,False
Disclosure,SPARTA,0,False
Quavo,Young Thug,1,True
Cazzu,Dalex,1,True
Hardwell,TEAM2MVCH,0,False
Brytiago,DJ Luian,1,True
Rob $tone,Spooks,1,True
Rebecca Naomi Jones,Ricky Martin,0,False
Noiseshock,Refuzion,1,True
Post Malone,The Weeknd,1,True
Big Sean,Chris Brown,1,True
TWO LANES,Tate McRae,0,False
Keith Ape,Portugal. The Man,0,False
Cazzu,KHEA,1,True
Melanie C,SIRUP,0,False
Barbara Dickson,Elaine Paige,1,True
Travis Barker,iann dior,1,True
Jonas Brothers,Sam Smith,0,False
BullySongs,Riggi & Piros,1,True
Mark With a K,Xillions,1,True
24kGoldn,Kevin McCall,0,False
Disclosure,Sam Smith,1,True
Still Young,Tems,0,False
Lil Baby,Lil Durk,1,True
Bruno Mars,Young Dolph,0,False
James Ty,The Ready Set,0,False
Bankroll Fresh,KEIJU,0,False
Chris Brown,Fabolous,1,True
Peabo Bryson,Regina Belle,1,True
Lil Yachty,Wiz Khalifa,1,True
Naomi Wild,Salt-N-Pepa,0,False
Anklebreaker,Tom Leinad,1,True
Kiyotaka Sugiyama,S. Kiyotaka & Omega Tribe,23,True
Chris Brown,Ty Dolla $ign,1,True
Aaliyah,The Neptunes,0,False
Kodak Black,XXXTENTACION,1,True
Hoang,Nezumi Coo,0,False
Becky G,Prince Royce,1,True
Machine Gun Kelly,The Partysquad,0,False
Chanel West Coast,Salma Slims,1,True
Charlie Puth,TWO LANES,0,False
Hellblasterz,Kevu,1,True
Kiki Dee,Kiyotaka Sugiyama,0,False
Feid,Quality Control,0,False
DROELOE,TWO LANES,1,True
Dave Days,Jarrod Alonge,1,True
Jacquees,OG Maco,0,False
Chinx,ODESZA,0,False
Michael Kaneko,yetep,0,False
BEAUZ,Ghost,1,True
Jack Harlow,Salt-N-Pepa,0,False
Dae Dae,Lil Yachty,2,True
BEAUZ,Gryffin,0,False
Drake,Eminem,1,True
Jason Donovan,Joe Cocker,0,False
Awakend,SPARTA,0,False
A$AP Rocky,Coucheron,0,False
Patrick Key,WildVibes,1,True
Rob Thomas,Santana,1,True
Britney Spears,SPARTA,0,False
Chance the Rapper,Raury,1,True
En Vogue,Tokimeki Records,0,False
Kyla,WizKid,1,True
A$AP Ferg,Krimsonn,0,False
JUVENILE,Thomas Gold,0,False
Chanel West Coast,MÖSHI,0,False
Chinx,Jeremih,1,True
Hundred Waters,Robin Hannibal,1,True
Jonathan Mendelsohn,Seven Lions,1,True
Anderson .Paak,Young Thug,0,False
Lil Yachty,YFN Lucci,1,True
Maren Morris,Ryan Hurd,1,True
Kendrick Lamar,TEAM2MVCH,0,False
Lil Uzi Vert,Migos,2,True
Aerosmith,Run–D.M.C.,1,True
KHEA,Rafa Pabön,1,True
Gil Zambrano,Kimberg,0,False
Daya,Hardwell,1,True
Rick Ross,Rosemary Clooney,0,False
guardin,guccihighwaters,1,True
Bill Medley,The Pogues,0,False
Chris Brown,JUVENILE,1,True
NF Zessho,RhymeTube,1,True
The Cardigans,Tom Jones,1,True
Alessia Cara,Trinidad James,0,False
Drake,Meek Mill,1,True
Maren Morris,Marvin Gaye,0,False
Chance the Rapper,Ty Dolla $ign,1,True
Elyn,Jay Reeve,1,True
Kaidro,yetep,1,True
Drake,Kanye West,1,True
Cazzu,Lenny Tavárez,1,True
Dalex,Rafa Pabön,1,True
Leon Fanourakis,MONY HORSE,1,True
Khalid,Mark With a K,0,False
EMEL,yetep,0,False
John Gallagher Jr.,The American Idiot Broadway Company,1,True
Axollo,Josh Bogert,1,True
Kevu,Salt-N-Pepa,0,False
Masaaki Hirao,Yoko Hatanaka,1,True
Anklebreaker,Stormerz,1,True
AmanderSings,Galimatias,0,False
CMA,Rich Homie Quan,0,False
Doja Cat,Florida Georgia Line,0,False
DeJ Loaf,"Tyler, The Creator",0,False
KEIJU,Sefa,0,False
KIRINJI,Maika Loubté,1,True
Bruno Mars,Quality Control,0,False
Florida Georgia Line,Nicki Minaj,0,False
Rafa Pabön,Sech,1,True
John Gallagher Jr.,Rafa Pabön,0,False
Mark With a K,Skippa Da Flippa,0,False
Gucci Mane,Migos,1,True
Awakend,The Ready Set,1,True
Into The Ether,John Gallagher Jr.,0,False
Lenny Tavárez,Rafa Pabön,1,True
Kan Sano,Kvi Baba,0,False
Jacquees,Lil Keed,1,True
Classified,Mariah Carey,0,False
A$AP Rocky,KIRINJI,0,False
DJ Luian,Prince Royce,1,True
Chance the Rapper,The Mellomen,0,False
Dua Lipa,PNAU,1,True
BullySongs,Kiki Dee,0,False
Ed Sheeran,WizKid,0,False
2 Chainz,Young Thug,1,True
2 Chainz,SPARTA,0,False
DaBaby,Dua Lipa,1,True
Billy J. Kramer,George Michael,0,False
Anuel AA,TEAM2MVCH,0,False
Jason Donovan,fun.,0,False
Jessie Reyez,Natalie Major,0,False
Gary Barlow,Robbie Williams,1,True
Cazzu,Taylor Swift,0,False
JNKMN,MONY HORSE,1,True
D-Stroyer,Tom Leinad,1,True
French Montana,ScHoolboy Q,2,True
Florida Georgia Line,KM,0,False
Glen Hansard,Macklemore,0,False
Kellin Quinn,Pierce The Veil,1,True
AmanderSings,OHTORA,0,False
Mariah Carey,Marvin Gaye,0,False
DJ Drama,Fabolous,1,True
Daniel Caesar,Justin Bieber,1,True
O.T. Genasis,Young Dolph,1,True
PnB Rock,The Ready Set,0,False
CHAMELEON LIME WHOOPIEPIE,TCTS,1,True
Kevin McCall,Tyga,1,True
2 Chainz,Migos,1,True
Gareth Gates,NVRT,0,False
Cazzu,Megan Thee Stallion,0,False
Diana Ross,Marvin Gaye,1,True
John Barry,Michael Kaneko,0,False
Polo G,Stunna Gambino,1,True
Drake,Smiley,1,True
YFN Lucci,guardin,0,False
A$AP Ferg,ぷにぷに電機,0,False
Caslow,Molly Marrs,1,True
21 Savage,YoungBoy Never Broke Again,1,True
Drake,Lil Baby,2,True
Chris Brown,Tyga,1,True
Liam Payne,Lizzo,0,False
Calvin Harris,John Newman,1,True
Bruno Mars,The Ready Set,0,False
Cazzu,Feid,1,True
Phil Collins,Philip Bailey,1,True
Machine Gun Kelly,blackbear,1,True
A Boogie Wit da Hoodie,Summer Walker,1,True
Bassnectar,笠井 紀美子,0,False
Domeno,Lil Keed,0,False
Kosling,Matthew Steeper,1,True
Anderson .Paak,Chance the Rapper,1,True
MGMT,Ratatat,1,True
Bruno Mars,David Guetta,1,True
Kap G,Ty Dolla $ign,1,True
Coldplay,Drake,0,False
Hikari,笠井 紀美子,0,False
Anaya Lovenote,Chanel West Coast,1,True
Elyn,Sunrise Skater Kids,0,False
Chris James,deadmau5,1,True
Awakend,Riggi & Piros,0,False
Armand Van Helden,Roy Woods,0,False
A$AP Ferg,Stunna Gambino,0,False
Domeno,Lil Nas X,0,False
Molly Marrs,Sunrise Skater Kids,0,False
(sic)boy,KM,1,True
Dave Days,Moses Sumney,0,False
24kGoldn,iann dior,1,True
BIA,OG Maco,0,False
2 Chainz,Coucheron,1,True
Cazzu,Lil Gotit,0,False
Alesso,Pierce The Veil,0,False
Alessia Labate,Rich Edwards,1,True
Eurielle,Migos,1,True
Mitchell Niemeyer,Seven Lions,0,False
Domeno,Garrett Raff,1,True
French Montana,Trinidad James,2,True
Kiesza,Lamorn,1,True
CHAI,Megan Thee Stallion,0,False
Noiseshock,Smiley,0,False
Exede,JAY-Z,0,False
Calvin Harris,Future,1,True
Bruno Mars,The Wild Pair,0,False
BEAUZ,Chase Rice,0,False
Diana Ross,Lionel Richie,1,True
Electus,Kendrick Lamar,0,False
Chris Young,Kane Brown,1,True
Cory Gunz,Manse,0,False
French Montana,Taylor Swift,0,False
Kiyotaka Sugiyama,Sting,0,False
CMA,Electus,1,True
Arash Shadram,The Partysquad,0,False
Doja Cat,Saweetie,1,True
Justin Bieber,WizKid,1,True
Stark Sands,The American Idiot Broadway Company,1,True
Lil Yachty,Tee Grizzley,1,True
A Boogie Wit da Hoodie,Kodak Black,3,True
Quavo,Travis Scott,1,True
Anaya Lovenote,The Pogues,0,False
Becky G,CHRNS,0,False
Hikari,Kanye West,0,False
Adrenalize,Matthew Steeper,1,True
Exede,Gareth Gates,0,False
BIA,Nicki Minaj,1,True
Ansel Elgort,KHEA,0,False
Kodak Black,Lil Uzi Vert,0,False
Aretha Franklin,YFN Lucci,0,False
Caslow,TIMO,1,True
24kGoldn,Yaffle,0,False
(sic)boy,Jason Mraz,0,False
Juice WRLD,NF Zessho,0,False
Gambitt,MadeinTYO,0,False
A Boogie Wit da Hoodie,PnB Rock,1,True
Calvin Harris,Ofenbach,0,False
D-Stroyer,Emeli Sandé,0,False
Justin Bieber,Tems,1,True
Glen Hansard,The Pogues,0,False
Joe Cocker,Shin Sakiura,0,False
Eminem,Kanye West,1,True
Outwild,The Ready Set,1,True
Feid,Rafa Pabön,1,True
Kanye West,Lil Wayne,1,True
Kan Sano,Metro Boomin,0,False
D-Stroyer,Stormerz,1,True
SZA,Summer Walker,1,True
EMEL,TEAM2MVCH,0,False
Anklebreaker,BEAUZ,0,False
Kodak Black,Offset,1,True
Bankroll Fresh,The Chainsmokers,0,False
Orono,mabanua,1,True
Olivia O'Brien,Street Money Boochie,0,False
Coldplay,Confidence Man,0,False
Anderson .Paak,Raury,1,True
Bruno Mars,Snoop Dogg,1,True
Brendon Urie,benny blanco,1,True
Alicia Keys,Dreamville,0,False
Alicia Keys,Sunrise Skater Kids,0,False
JB Brubaker,Jonathan Mendelsohn,0,False
Migos,Olivia O'Brien,0,False
Gil Zambrano,笠井 紀美子,0,False
Matthew Steeper,Pharrell Williams,0,False
Regard,Troye Sivan,1,True
Pharrell Williams,The Neptunes,1,True
Pharrell Williams,Snoop Dogg,1,True
Green Day,Stark Sands,1,True
Alina Baraz,Khalid,1,True
Hikari,MONY HORSE,0,False
Jez Dior,KM,1,True
Green Day,TCM,0,False
Brytiago,Nicky Jam,1,True
Noiseshock,Roy Woods,0,False
JNKMN,Kiki Dee,0,False
Dizzee Rascal,Gary Barlow,0,False
Migos,Quality Control,1,True
2 Chainz,Wiz Khalifa,1,True
BoA,Nicky Jam,0,False
Boosie Badazz,T.I.,1,True
SZA,サトウユウヤ,0,False
Christoph Andersson,Skrillex,0,False
Gryffin,T.I.,0,False
LAGHEADS,kiki vivi lily,1,True
Ghost,PnB Rock,0,False
Herbie Hancock,笠井 紀美子,1,True
A$AP Rocky,Young Thug,0,False
Diana Ross,Usher,0,False
Darren Styles,Dougal,1,True
Khalid,SZA,1,True
Elton John,Sounxstate,0,False
Usher,ZAYN,1,True
Mariah Carey,Westlife,1,True
Feid,Sech,1,True
Drake,Travis Scott,1,True
Cory Gunz,Dreamville,0,False
Nicole Kidman,The Jordanaires,0,False
Gambitt,Gil Zambrano,1,True
Quavo,Ty Dolla $ign,1,True
Raury,"Tyler, The Creator",0,False
Lizzo,Outwild,0,False
Devon Baldwin,Nurko,1,True
A Boogie Wit da Hoodie,Chris Brown,1,True
OMZ,Still Young,1,True
Chris Brown,Kendrick Lamar,0,False
Armand Van Helden,Philip Bailey,0,False
SZA,Whitney Houston,0,False
August Alsina,Fabolous,1,True
August Alsina,J. Cole,0,False
Cory Gunz,Lil Wayne,2,True
Chase Rice,Florida Georgia Line,1,True
Hal David,John Barry,1,True
Atmozfears,Craig David,0,False
Kaidro,SZA,0,False
Smokepurpp,Trippie Redd,1,True
